,Team,Opponent,Date,Score,W/L,FGM/A,PCT,3FG/A,FTM/A,OFF,DEF,TOT,AVG
2024,Mens,at UConn,11/06/23,52-95,L,20-59,.563,3-15,9-16,9,18,27,27.0
2024,Mens,at Grand Canyon,11/12/23,55-89,L,22-56,.545,5-18,6-11,5,19,24,25.5
2024,Mens,at Seattle U,11/15/23,62-60,W,25-59,.615,4-23,8-13,6,26,32,27.7
2024,Mens,vs Purdue Fort Wayne,11/17/23,67-77,L,27-59,.500,8-28,5-10,7,29,36,29.8
2024,Mens,vs VMI,11/18/23,78-69,W,28-60,.593,6-23,16-27,9,22,31,30.0
2024,Mens,at Hawaii,11/21/23,61-70,L,23-55,.500,6-17,9-18,10,24,34,30.7
2024,Mens,at UC Santa Barbara,11/29/23,59-70,L,22-57,.727,7-26,8-11,4,22,26,30.0
2024,Mens,vs Pacific,12/02/23,78-58,W,29-56,.615,12-23,8-13,10,25,35,30.6
2024,Mens,at Abilene Christian,12/06/23,78-76,W,28-57,.800,6-18,16-20,12,32,44,32.1
2024,Mens,at UIW,12/09/23,76-75,W,28-59,.846,9-24,11-13,4,21,25,31.4
2024,Mens,vs Southern Utah,12/16/23,76-74,W,32-60,.364,8-19,4-11,5,28,33,31.5
2024,Mens,at San Francisco,12/20/23,51-91,L,16-50,.667,7-22,12-18,6,12,18,30.4
2024,Mens,at Northern Colo.,12/30/23,77-92,L,27-57,.800,11-28,12-15,6,16,22,29.8
2024,Mens,at Omaha,01/03/24,55-81,L,18-50,.609,5-19,14-23,9,16,25,29.4
2024,Mens,vs North Dakota,01/06/24,74-73,W,24-56,.773,9-19,17-22,11,28,39,30.1
2024,Mens,at Montana St.,01/11/24,50-79,L,15-51,.842,4-24,16-19,6,18,24,29.7
2024,Mens,at Montana,01/13/24,47-90,L,20-54,.500,1-12,6-12,12,18,30,29.7
2024,Mens,vs Portland St.,01/18/24,84-65,W,30-71,.643,6-21,18-28,16,30,46,30.6
2024,Mens,vs Sacramento St.,01/20/24,70-61,W,22-59,.833,6-23,20-24,10,31,41,31.2
2024,Mens,at Idaho,01/25/24,75-60,W,30-54,.727,7-17,8-11,4,26,30,31.1
2024,Mens,at Eastern Wash.,01/27/24,70-85,L,25-59,.778,6-27,14-18,9,14,23,30.7
2024,Mens,vs Weber St.,02/01/24,70-72,L,24-50,.696,6-17,16-23,6,23,29,30.6
2024,Mens,vs Idaho St.,02/03/24,79-81,L,26-56,.759,5-13,22-29,8,19,27,30.5
2024,Mens,vs Montana,02/08/24,66-94,L,24-53,.737,4-13,14-19,3,21,24,30.2
2024,Mens,vs Montana St.,02/10/24,76-71,W,29-57,.667,6-16,12-18,6,35,41,30.6
2024,Mens,at Sacramento St.,02/15/24,73-58,W,27-54,.667,13-26,6-9,9,16,25,30.4
2024,Mens,at Portland St.,02/17/24,68-83,L,28-56,.533,4-20,8-15,6,23,29,30.4
2024,Mens,vs Eastern Wash.,02/22/24,78-71,W,27-55,.895,7-17,17-19,12,25,37,30.6
2024,Mens,vs Idaho,02/24/24,76-86,L,24-62,.893,3-21,25-28,11,23,34,30.7
2024,Mens,at Idaho St.,02/29/24,92-88,W (2 OT),34-75,.708,7-20,17-24,16,22,38,31.0
2024,Mens,at Weber St.,03/02/24,58-85,L,17-54,.690,4-14,20-29,14,27,41,31.3
2024,Mens,vs Northern Colo.,03/04/24,74-82,L,29-60,.769,6-23,10-13,8,23,31,31.3
2023,Mens,at Michigan St.,11/07/22,55-73,L,19-60,.692,8-30,9-13,12,25,37,37.0
2023,Mens,vs Benedictine Mesa,11/10/22,105-49,W,39-76,.714,12-29,15-21,17,39,56,46.5
2023,Mens,at Arizona St.,11/10/22,68-84,L,24-57,.722,7-28,13-18,6,17,23,38.7
2023,Mens,at Utah Valley,11/12/22,69-73,L,25-67,.800,11-28,8-10,16,25,41,39.3
2023,Mens,vs UC Santa Barbara,11/18/22,63-54,W,24-58,.750,6-22,9-12,7,27,34,38.2
2023,Mens,vs Texas,11/21/22,48-73,L,17-54,.733,3-17,11-15,12,25,37,38.0
2023,Mens,at UTRGV,11/22/22,79-91,L,28-62,.846,12-31,11-13,11,20,31,37.0
2023,Mens,vs Abilene Christian,11/27/22,82-92,L,28-58,.727,10-22,16-22,10,22,32,36.4
2023,Mens,vs Ottawa (AZ),11/29/22,82-51,W,30-72,.571,14-32,8-14,19,33,52,38.1
2023,Mens,at Pepperdine,12/03/22,69-88,L,24-61,.667,7-23,14-21,13,25,38,38.1
2023,Mens,at Pacific,12/06/22,73-69,W,25-57,.762,7-19,16-21,10,22,32,37.5
2023,Mens,vs Utah Valley,12/10/22,75-80,L (OT),30-70,.615,7-24,8-13,8,21,29,36.8
2023,Mens,at Southern Utah,12/17/22,101-106,L (OT),39-81,.619,10-32,13-21,17,26,43,37.3
2023,Mens,at Idaho St.,12/29/22,53-79,L,20-52,.556,3-14,10-18,3,20,23,36.3
2023,Mens,at Weber St.,12/31/22,60-76,L,23-54,.714,9-20,5-7,7,19,26,35.6
2023,Mens,vs Montana,01/05/23,75-74,W (OT),25-51,.826,6-17,19-23,5,30,35,35.6
2023,Mens,vs Montana St.,01/07/23,54-69,L,13-49,.857,4-14,24-28,4,23,27,35.1
2023,Mens,at Portland St.,01/12/23,74-75,L,23-54,.667,8-17,20-30,13,32,45,35.6
2023,Mens,at Sacramento St.,01/14/23,56-59,L,19-55,.875,4-15,14-16,10,21,31,35.4
2023,Mens,vs Idaho,01/19/23,83-88,L,32-69,.800,11-32,8-10,11,20,31,35.2
2023,Mens,vs Eastern Wash.,01/21/23,76-79,L,24-63,.667,14-31,14-21,12,24,36,35.2
2023,Mens,vs Northern Colo.,01/28/23,83-73,W,27-53,.808,8-22,21-26,2,29,31,35.0
2023,Mens,at Montana St.,02/02/23,68-69,L,24-56,.833,10-17,10-12,14,22,36,35.0
2023,Mens,at Montana,02/04/23,66-67,L,30-62,1.000,3-16,3-3,10,25,35,35.0
2023,Mens,vs Idaho St.,02/06/23,70-75,L,28-59,.750,8-18,6-8,9,27,36,35.1
2023,Mens,vs Sacramento St.,02/09/23,77-55,W,28-59,.857,15-27,6-7,8,25,33,35.0
2023,Mens,vs Portland St.,02/11/23,87-88,L,30-64,.800,3-14,24-30,15,25,40,35.2
2023,Mens,at Eastern Wash.,02/16/23,55-72,L,24-63,1.000,5-26,2-2,5,18,23,34.8
2023,Mens,at Idaho,02/18/23,72-50,W,30-57,.750,9-19,3-4,5,30,35,34.8
2023,Mens,at Northern Colo.,02/25/23,85-82,W,30-56,.667,9-20,16-24,6,20,26,34.5
2023,Mens,vs Weber St.,02/27/23,89-90,L (OT),32-77,.550,14-40,11-20,21,22,43,34.7
2023,Mens,vs Idaho,03/04/23,87-76,W,28-55,.818,13-29,18-22,5,23,28,34.5
2023,Mens,at Eastern Wash.,03/05/23,81-80,W,33-67,.625,10-28,5-8,10,19,29,34.4
2023,Mens,at Montana,03/07/23,83-71,W,29-58,.850,8-21,17-20,9,19,28,34.2
2023,Mens,at Montana St.,03/08/23,78-85,L,26-57,.826,7-21,19-23,12,15,27,34.0
2022,Mens,at Arizona,11/09/21,52-81,L,19-53,.529,5-16,9-17,12,30,42,42.0
2022,Mens,at Washington,11/11/21,62-73,L,20-54,.750,4-12,18-24,11,31,42,42.0
2022,Mens,vs Benedictine Mesa,11/15/21,97-48,W,35-71,.867,14-26,13-15,8,36,44,42.7
2022,Mens,vs CSU Bakersfield,11/18/21,74-64,W,23-47,.633,9-22,19-30,8,31,39,41.8
2022,Mens,at UTRGV,11/20/21,89-87,W,32-65,.680,8-27,17-25,11,27,38,41.0
2022,Mens,vs UTRGV,11/22/21,80-82,L,26-61,.789,13-40,15-19,13,20,33,39.7
2022,Mens,vs Cal St. Fullerton,11/24/21,56-73,L,17-47,.708,5-21,17-24,10,21,31,38.4
2022,Mens,at Weber St.,12/02/21,44-67,L,16-48,.533,4-15,8-15,9,34,43,39.0
2022,Mens,at Idaho St.,12/04/21,73-70,W,20-46,.923,9-18,24-26,8,25,33,38.3
2022,Mens,at South Dakota,12/11/21,71-76,L (OT),27-72,.545,11-31,6-11,12,30,42,38.7
2022,Mens,vs San Diego,12/18/21,59-69,L,23-59,.750,4-10,9-12,6,19,25,37.5
2022,Mens,at Gonzaga,12/20/21,49-95,L,21-65,.667,5-22,2-3,15,25,40,37.7
2022,Mens,vs Eastern Wash.,01/01/22,65-78,L,22-61,.818,12-32,9-11,10,18,28,36.9
2022,Mens,vs Embry-Riddle (AZ),01/05/22,101-54,W,37-61,.357,17-29,10-28,11,37,48,37.7
2022,Mens,vs Idaho,01/17/22,74-72,W,28-63,.556,8-24,10-18,8,36,44,38.1
2022,Mens,vs Montana St.,01/20/22,84-89,L,30-56,.667,12-21,12-18,9,21,30,37.6
2022,Mens,vs Montana,01/22/22,48-58,L,18-51,.700,5-23,7-10,5,31,36,37.5
2022,Mens,vs Sacramento St.,01/24/22,70-65,W,23-54,.667,10-27,14-21,11,23,34,37.3
2022,Mens,vs Portland St.,01/29/22,76-97,L,27-55,.571,10-23,12-21,13,21,34,37.2
2022,Mens,at Southern Utah,01/31/22,66-78,L,24-61,.500,13-34,5-10,5,28,33,37.0
2022,Mens,at Sacramento St.,02/03/22,62-61,W,20-52,.733,11-27,11-15,14,23,37,37.0
2022,Mens,vs Northern Colo.,02/05/22,71-74,L,28-64,.500,10-29,5-10,12,29,41,37.1
2022,Mens,at Northern Colo.,02/07/22,60-82,L,22-66,.750,10-32,6-8,14,24,38,37.2
2022,Mens,at Montana,02/10/22,72-67,W (OT),22-51,.750,7-21,21-28,10,26,36,37.1
2022,Mens,at Montana St.,02/12/22,70-72,L,24-57,.765,9-26,13-17,13,23,36,37.1
2022,Mens,at Portland St.,02/17/22,67-68,L,25-55,.538,10-27,7-13,13,28,41,37.2
2022,Mens,vs Southern Utah,02/21/22,48-79,L,19-55,.889,2-14,8-9,6,25,31,37.0
2022,Mens,vs Idaho St.,02/24/22,66-70,L,27-56,.800,8-23,4-5,10,28,38,37.0
2022,Mens,vs Weber St.,02/26/22,49-73,L,19-49,.333,7-20,4-12,8,19,27,36.7
2022,Mens,at Eastern Wash.,03/03/22,62-69,L,22-58,.667,10-26,8-12,11,28,39,36.8
2022,Mens,at Idaho,03/05/22,69-78,L,25-65,.706,7-32,12-17,12,25,37,36.8
2022,Mens,at Eastern Wash.,03/09/22,75-78,L,29-67,.643,8-23,9-14,18,19,37,36.8
2021,Mens,at Arizona,12/07/20,53-96,L,18-59,.600,5-20,12-20,11,13,24,24.0
2021,Mens,vs UC Riverside,12/10/20,50-74,L,14-50,.750,4-20,18-24,9,18,27,25.5
2021,Mens,at Colorado St.,12/14/20,52-91,L,19-53,.818,5-24,9-11,4,23,27,26.0
2021,Mens,vs Eastern Wash.,12/19/20,64-80,L,22-59,.565,7-21,13-23,8,18,26,26.0
2021,Mens,at Texas St.,12/21/20,65-70,L,25-44,.571,7-19,8-14,4,18,22,25.2
2021,Mens,at Denver,12/22/20,68-65,W,23-57,.826,3-15,19-23,11,22,33,26.5
2021,Mens,at Gonzaga,12/28/20,58-88,L,20-57,.722,5-17,13-18,10,22,32,27.3
2021,Mens,at Idaho,12/31/20,78-65,W,29-63,.688,9-21,11-16,8,26,34,28.1
2021,Mens,at Idaho,01/02/21,83-78,W (OT),29-62,.833,10-25,15-18,8,25,33,28.7
2021,Mens,vs Idaho St.,01/07/21,69-73,L,23-57,.882,8-18,15-17,12,19,31,28.9
2021,Mens,vs Idaho St.,01/09/21,70-76,L,25-50,.737,6-17,14-19,14,17,31,29.1
2021,Mens,at Montana,01/14/21,56-67,L,20-54,.588,6-13,10-17,14,16,30,29.2
2021,Mens,at Montana,01/16/21,62-58,W,25-57,.778,5-14,7-9,9,21,30,29.2
2021,Mens,vs Montana St.,01/21/21,51-62,L,20-50,.667,3-14,8-12,10,17,27,29.1
2021,Mens,vs Montana St.,01/23/21,53-58,L,21-50,.588,1-7,10-17,6,27,33,29.3
2021,Mens,vs Northern Colo.,01/29/21,68-64,W,27-53,.533,6-10,8-15,6,21,27,29.2
2021,Mens,at Weber St.,02/18/21,59-92,L,20-53,.813,6-18,13-16,7,18,25,28.9
2021,Mens,at Weber St.,02/20/21,52-74,L,21-51,.600,4-16,6-10,2,23,25,28.7
2021,Mens,at Southern Utah,02/24/21,80-85,L,31-63,.400,14-31,4-10,10,21,31,28.8
2021,Mens,vs Southern Utah,02/26/21,62-92,L,20-50,.565,9-22,13-23,5,17,22,28.5
2021,Mens,at Portland St.,03/10/21,77-66,W,27-46,.458,12-16,11-24,4,27,31,28.6
2021,Mens,at Eastern Wash.,03/11/21,60-66,L,26-59,.500,4-19,4-8,6,21,27,28.5
2020,Mens,at Arizona,11/06/19,52-91,L,17-54,.706,6-18,12-17,10,22,32,32.0
2020,Mens,vs SAGU American Indian,11/15/19,105-32,W,38-74,.600,17-41,12-20,16,43,59,45.5
2020,Mens,vs Benedictine Mesa,11/20/19,93-56,W,38-69,.571,9-21,8-14,12,31,43,44.7
2020,Mens,vs South Dakota,11/30/19,76-72,W,24-56,.571,8-18,20-35,13,18,31,41.3
2020,Mens,vs UC Davis,12/04/19,66-85,L,22-54,.789,7-28,15-19,9,13,22,37.4
2020,Mens,vs Omaha,12/08/19,73-65,W,28-59,.625,7-21,10-16,12,33,45,38.7
2020,Mens,at Utah Valley,12/14/19,79-73,W,28-60,.762,7-15,16-21,5,25,30,37.4
2020,Mens,at UC Riverside,12/19/19,63-56,W,21-51,.750,6-20,15-20,9,24,33,36.9
2020,Mens,at Pepperdine,12/21/19,73-75,L,26-57,.846,10-22,11-13,8,20,28,35.9
2020,Mens,at Montana,12/28/19,72-79,L,25-59,.667,8-19,14-21,13,20,33,35.6
2020,Mens,at Montana St.,12/30/19,61-63,L,24-60,.500,8-28,5-10,10,22,32,35.3
2020,Mens,vs Weber St.,01/04/20,72-64,W,28-49,.778,9-16,7-9,6,25,31,34.9
2020,Mens,at Sacramento St.,01/09/20,57-64,L,23-55,.778,4-11,7-9,9,18,27,34.3
2020,Mens,vs Idaho St.,01/11/20,67-71,L,28-63,.375,8-21,3-8,9,25,34,34.3
2020,Mens,at Southern Utah,01/16/20,75-72,W,25-56,.739,8-18,17-23,9,20,29,33.9
2020,Mens,at Northern Colo.,01/18/20,64-58,W,24-57,.929,3-14,13-14,11,33,44,34.6
2020,Mens,vs Portland St.,01/25/20,84-82,W,30-64,.778,10-25,14-18,10,22,32,34.4
2020,Mens,vs Sacramento St.,01/27/20,69-54,W,21-41,.769,7-14,20-26,6,27,33,34.3
2020,Mens,vs Idaho,02/01/20,77-72,W,23-50,.684,5-20,26-38,11,28,39,34.6
2020,Mens,vs Eastern Wash.,02/03/20,66-77,L,23-56,.778,6-17,14-18,9,25,34,34.6
2020,Mens,at Idaho St.,02/06/20,88-87,W (OT),36-66,.667,6-12,10-15,5,26,31,34.4
2020,Mens,at Weber St.,02/08/20,70-76,L,25-60,.909,10-27,10-11,8,25,33,34.3
2020,Mens,vs Northern Colo.,02/13/20,54-84,L,22-55,.444,6-17,4-9,9,19,28,34.0
2020,Mens,vs Southern Utah,02/15/20,82-69,W,25-57,.900,5-18,27-30,10,24,34,34.0
2020,Mens,at Idaho,02/20/20,78-61,W,31-66,.500,9-30,7-14,10,28,38,34.2
2020,Mens,at Eastern Wash.,02/22/20,70-80,L,26-57,.615,10-24,8-13,5,25,30,34.0
2020,Mens,vs Montana,02/27/20,57-56,W,21-45,.706,3-9,12-17,5,21,26,33.7
2020,Mens,vs Montana St.,02/29/20,57-63,L,19-60,.789,4-27,15-19,13,26,39,33.9
2020,Mens,at Portland St.,03/05/20,66-80,L,26-55,.400,6-16,8-20,13,19,32,33.9
2020,Mens,vs Idaho St.,03/11/20,62-64,L,23-64,.857,4-13,12-14,10,30,40,34.1
2019,Mens,vs Jacksonville,11/10/18,97-82,W,36-74,.600,10-29,15-25,17,25,42,42.0
2019,Mens,at South Dakota,11/12/18,74-90,L,22-54,.750,9-24,21-28,6,19,25,33.5
2019,Mens,at Omaha,11/14/18,76-66,W,27-64,.800,6-22,16-20,12,30,42,36.3
2019,Mens,at Hawai'i,11/18/18,68-85,L,20-48,.781,3-20,25-32,6,16,22,32.8
2019,Mens,at UC Davis,11/29/18,57-73,L,22-51,.455,8-25,5-11,7,26,33,32.8
2019,Mens,at Santa Clara,12/01/18,74-81,L,29-62,.714,6-22,10-14,10,21,31,32.5
2019,Mens,vs Utah Valley,12/08/18,78-98,L,25-57,.714,13-26,15-21,6,21,27,31.7
2019,Mens,at San Jose St.,12/15/18,74-79,L,22-58,.720,12-32,18-25,9,19,28,31.3
2019,Mens,at San Francisco,12/19/18,60-76,L,22-51,.643,7-20,9-14,7,30,37,31.9
2019,Mens,at Utah,12/21/18,62-76,L,23-57,.500,7-22,9-18,11,22,33,32.0
2019,Mens,vs Montana,12/29/18,73-86,L,23-62,.842,11-26,16-19,10,21,31,31.9
2019,Mens,vs Montana State,12/31/18,74-68,W,26-59,.682,7-22,15-22,10,31,41,32.7
2019,Mens,at Weber State,01/03/19,52-77,L,18-58,.579,5-24,11-19,6,28,34,32.8
2019,Mens,at Idaho State,01/05/19,81-69,W,27-48,.950,8-16,19-20,6,25,31,32.6
2019,Mens,at Southern Utah,01/12/19,82-84,L,30-61,.643,13-33,9-14,5,26,31,32.5
2019,Mens,vs Sacramento State,01/17/19,64-66,L,23-55,.579,7-20,11-19,9,25,34,32.6
2019,Mens,vs Portland State,01/19/19,82-75,W,27-55,.690,8-19,20-29,9,24,33,32.6
2019,Mens,vs Northern Colorado,01/26/19,48-63,L,18-51,.600,3-15,9-15,7,23,30,32.5
2019,Mens,vs Southern Utah,01/28/19,80-77,W (OT),29-76,.684,9-25,13-19,14,32,46,33.2
2019,Mens,at Idaho,02/02/19,86-73,W,34-68,.444,10-29,8-18,15,30,45,33.8
2019,Mens,at Eastern Washington,02/04/19,64-82,L,20-59,.667,12-33,12-18,11,23,34,33.8
2019,Mens,vs Idaho State,02/07/19,79-81,L,27-54,.818,7-22,18-22,11,22,33,33.8
2019,Mens,vs Weber State,02/09/19,71-86,L,27-64,.650,4-20,13-20,8,27,35,33.8
2019,Mens,at Portland State,02/14/19,94-103,L,30-62,.733,12-27,22-30,12,19,31,33.7
2019,Mens,at Sacramento State,02/16/19,78-66,W,27-47,.700,10-21,14-20,5,21,26,33.4
2019,Mens,vs Idaho,02/21/19,75-54,W,30-62,.533,7-26,8-15,13,30,43,33.8
2019,Mens,vs Eastern Washington,02/23/19,73-86,L,21-63,.824,3-24,28-34,11,29,40,34.0
2019,Mens,at Montana State,03/02/19,73-84,L,27-65,.889,11-29,8-9,10,25,35,34.0
2019,Mens,at Montana,03/04/19,64-66,L,24-57,.833,11-27,5-6,7,21,28,33.8
2019,Mens,at Northern Colorado,03/09/19,89-78,W (OT),28-64,.800,13-29,20-25,10,31,41,34.1
2019,Mens,vs SACRAMENTO STATE,03/13/19,60-72,L,21-53,.846,7-20,11-13,12,22,34,34.1
2018,Mens,at Arizona,11/10/17,67-101,L,23-58,.567,4-13,17-30,12,11,23,23.0
2018,Mens,vs Embry-Riddle,11/13/17,70-82,L,21-59,.676,5-21,23-34,12,24,36,29.5
2018,Mens,at Arizona State,11/17/17,62-97,L,19-60,.773,7-29,17-22,15,27,42,33.7
2018,Mens,at Kansas State,11/20/17,58-80,L,16-41,.778,5-19,21-27,11,25,36,34.3
2018,Mens,at HAMPTON,11/23/17,66-76,L,21-57,.571,8-24,16-28,9,23,32,33.8
2018,Mens,vs UC IRVINE,11/24/17,71-77,L,22-58,.826,8-20,19-23,13,20,33,33.7
2018,Mens,at Santa Clara,11/30/17,57-89,L,18-46,.680,4-14,17-25,6,23,29,33.0
2018,Mens,at CSU Bakersfield,12/02/17,60-52,W,24-46,.571,4-16,8-14,10,20,30,32.6
2018,Mens,vs San Diego Christian,12/06/17,79-70,W,28-61,.773,6-16,17-22,12,31,43,33.8
2018,Mens,at San Diego,12/09/17,51-79,L,12-45,.828,3-15,24-29,7,20,27,33.1
2018,Mens,vs South Dakota,12/14/17,77-90,L,23-58,.808,10-27,21-26,9,20,29,32.7
2018,Mens,at USF,12/18/17,56-70,L,22-63,.571,4-23,8-14,14,20,34,32.8
2018,Mens,at Jacksonville,12/20/17,83-72,W,31-51,.789,6-15,15-19,8,28,36,33.1
2018,Mens,vs Montana,12/28/17,69-87,L,16-49,.857,7-17,30-35,10,23,33,33.1
2018,Mens,vs Montana State,12/30/17,73-76,L (OT),24-56,.621,7-18,18-29,12,40,52,34.3
2018,Mens,at Weber State,01/04/18,55-95,L,18-57,.583,5-22,14-24,10,24,34,34.3
2018,Mens,at Idaho State,01/06/18,60-64,L,22-56,.600,4-11,12-20,9,30,39,34.6
2018,Mens,at Southern Utah,01/13/18,75-81,L,25-63,.731,6-22,19-26,9,22,31,34.4
2018,Mens,vs Eastern Washington,01/18/18,76-81,L,27-53,.700,8-16,14-20,6,24,30,34.2
2018,Mens,vs Idaho,01/20/18,80-84,L,26-58,.636,14-31,14-22,10,19,29,33.9
2018,Mens,at Montana State,01/25/18,77-75,W,26-51,.654,8-21,17-26,5,26,31,33.8
2018,Mens,at Montana,01/27/18,64-82,L,20-48,.810,7-16,17-21,12,20,32,33.7
2018,Mens,vs Idaho State,02/01/18,61-63,L,23-65,.579,4-21,11-19,19,26,45,34.2
2018,Mens,vs Weber State,02/03/18,55-87,L,19-52,.615,1-13,16-26,9,18,27,33.9
2018,Mens,vs Southern Utah,02/10/18,54-63,L,16-56,.750,1-14,21-28,13,28,41,34.2
2018,Mens,at Northern Colorado,02/15/18,60-95,L,21-60,.640,2-16,16-25,10,17,27,33.9
2018,Mens,at North Dakota,02/17/18,81-86,L (OT),28-53,.789,10-23,15-19,6,22,28,33.7
2018,Mens,vs Sacramento State,02/22/18,58-53,W,17-49,.792,5-14,19-24,9,32,41,33.9
2018,Mens,vs Portland State,02/24/18,66-72,L,22-55,.792,3-15,19-24,7,25,32,33.9
2018,Mens,at IDAHO,03/01/18,52-66,L,17-59,.778,4-14,14-18,10,21,31,33.8
2018,Mens,at Eastern Washington,03/03/18,68-85,L,28-57,.571,4-15,8-14,11,20,31,33.7
2018,Mens,at Northern Colorado,03/06/18,59-82,L,23-50,.529,4-13,9-17,5,25,30,33.6
2017,Mens,at Santa Clara,11/11/16,64-67,L,20-59,.800,8-27,16-20,12,35,47,47.0
2017,Mens,vs Tennessee St.,11/12/16,65-69,L,17-58,.767,8-34,23-30,13,22,35,41.0
2017,Mens,at UC Davis,11/13/16,76-89,L,27-66,.737,8-32,14-19,10,20,30,37.3
2017,Mens,vs Benedictine Mesa,11/17/16,92-63,W,28-59,.722,10-23,26-36,11,34,45,39.3
2017,Mens,at Washington,11/20/16,58-92,L,20-65,.526,8-29,10-19,14,19,33,38.0
2017,Mens,at UNLV,11/22/16,71-110,L,28-67,.500,10-27,5-10,9,25,34,37.3
2017,Mens,vs Alabama St.,11/25/16,71-57,W,23-60,.724,4-19,21-29,17,29,46,38.6
2017,Mens,vs Jacksonville St.,11/26/16,63-76,L,23-66,.857,11-32,6-7,11,22,33,37.9
2017,Mens,vs San Diego,12/03/16,65-80,L,17-62,.697,8-25,23-33,13,26,39,38.0
2017,Mens,vs CSU Bakersfield,12/05/16,47-81,L,14-59,.536,4-24,15-28,18,19,37,37.9
2017,Mens,vs Ark.-Little Rock,12/14/16,67-72,L,24-59,.600,7-22,12-20,16,27,43,38.4
2017,Mens,at UTEP,12/17/16,76-74,W,29-54,.588,8-21,10-17,10,28,38,38.3
2017,Mens,at Ill.-Chicago,12/20/16,65-75,L,24-59,.800,9-22,8-10,9,20,29,37.6
2017,Mens,vs Southern Utah,12/31/16,80-93,L,25-56,.676,7-21,23-34,8,22,30,37.1
2017,Mens,at North Dakota,01/05/17,63-68,L,22-55,.714,9-23,10-14,7,27,34,36.9
2017,Mens,at Northern Colorado,01/07/17,79-83,L,25-59,.857,11-30,18-21,6,32,38,36.9
2017,Mens,vs Sacramento State,01/14/17,62-74,L,21-62,.917,9-23,11-12,13,25,38,37.0
2017,Mens,vs Portland State,01/16/17,83-76,W,26-53,.719,8-18,23-32,11,40,51,37.8
2017,Mens,at Eastern Washington,01/19/17,62-84,L,21-53,.579,9-20,11-19,10,23,33,37.5
2017,Mens,at Idaho,01/21/17,49-65,L,17-54,.632,3-20,12-19,13,24,37,37.5
2017,Mens,vs Northern Colorado,01/26/17,63-50,W,26-54,.800,3-16,8-10,10,34,44,37.8
2017,Mens,vs North Dakota,01/28/17,68-67,W,28-66,.625,7-23,5-8,18,25,43,38.0
2017,Mens,at Idaho State,02/02/17,90-91,L (OT),35-71,.750,14-33,6-8,16,24,40,38.1
2017,Mens,at Weber State,02/04/17,80-86,L,33-76,.615,6-19,8-13,15,27,42,38.3
2017,Mens,vs Montana State,02/09/17,69-63,W,21-52,.724,6-22,21-29,11,35,46,38.6
2017,Mens,vs Montana,02/11/17,59-76,L,25-57,.313,4-16,5-16,13,18,31,38.3
2017,Mens,at Southern Utah,02/18/17,68-84,L,24-52,.667,4-19,16-24,5,27,32,38.1
2017,Mens,at Sacramento State,02/23/17,73-69,W,24-52,.739,8-20,17-23,17,21,38,38.1
2017,Mens,at Portland State,02/25/17,72-84,L,29-59,.692,5-20,9-13,11,27,38,38.1
2017,Mens,vs Idaho,03/02/17,75-77,L,24-53,.519,13-32,14-27,10,18,28,37.7
2017,Mens,vs Eastern Washington,03/04/17,76-61,W,25-58,.833,6-15,20-24,12,35,47,38.0
2017,Mens,at Portland State,03/07/17,67-80,L,24-57,.714,4-19,15-21,15,24,39,38.1
2016,Mens,at Washington State,11/13/15,70-82,L,22-59,.733,4-16,22-30,13,26,39,39.0
2016,Mens,at Boise State,11/16/15,81-101,L,28-66,.700,11-24,14-20,9,18,27,33.0
2016,Mens,at GONZAGA,11/18/15,52-91,L,19-63,.647,3-17,11-17,9,22,31,32.3
2016,Mens,vs Embry-Riddle,11/20/15,90-57,W,34-63,.800,10-30,12-15,8,34,42,34.8
2016,Mens,vs San Diego Christian,11/23/15,81-65,W,30-58,.706,9-18,12-17,11,31,42,36.2
2016,Mens,vs Norfolk State,11/30/15,66-70,L,22-58,.684,9-25,13-19,11,26,37,36.3
2016,Mens,vs Hampton,12/02/15,94-98,L (2 OT),32-75,.905,11-29,19-21,12,29,41,37.0
2016,Mens,at CSU Bakersfield,12/05/15,55-72,L,16-57,.621,5-20,18-29,17,23,40,37.4
2016,Mens,at Arizona,12/16/15,37-92,L,12-55,.600,4-17,9-15,10,15,25,36.0
2016,Mens,at Little Rock,12/20/15,57-84,L,18-52,.778,7-20,14-18,9,21,30,35.4
2016,Mens,at Tulsa,12/22/15,55-90,L,16-51,.900,5-19,18-20,13,26,39,35.7
2016,Mens,vs Montana,12/31/15,84-90,L (2 OT),29-73,.583,12-30,14-24,8,34,42,36.3
2016,Mens,vs Montana State,01/02/16,72-74,L (OT),22-57,.731,9-25,19-26,7,32,39,36.5
2016,Mens,at Southern Utah,01/09/16,73-63,W,26-59,.882,6-16,15-17,13,31,44,37.0
2016,Mens,at IDAHO,01/14/16,76-83,L,24-53,.700,7-19,21-30,6,22,28,36.4
2016,Mens,at Eastern Washington,01/16/16,73-96,L,27-61,.833,9-18,10-12,6,15,21,35.4
2016,Mens,vs North Dakota,01/21/16,59-101,L,19-50,.414,9-24,12-29,5,23,28,35.0
2016,Mens,vs Northern Colorado,01/23/16,79-84,L,27-60,.667,9-28,16-24,4,22,26,34.5
2016,Mens,at Weber State,01/28/16,66-76,L,27-61,.750,6-18,6-8,6,26,32,34.4
2016,Mens,at Idaho State,01/30/16,66-88,L,24-60,.667,10-30,8-12,7,20,27,34.0
2016,Mens,vs Eastern Washington,02/04/16,73-84,L,27-58,.583,5-18,14-24,7,28,35,34.0
2016,Mens,vs IDAHO,02/06/16,72-70,W,21-57,.704,11-27,19-27,10,19,29,33.8
2016,Mens,at Montana State,02/11/16,58-101,L,15-42,.667,4-13,24-36,4,17,21,33.3
2016,Mens,at Montana,02/13/16,67-85,L,21-48,.800,9-18,16-20,4,18,22,32.8
2016,Mens,vs Idaho State,02/18/16,81-68,W,27-57,.696,11-29,16-23,5,29,34,32.8
2016,Mens,vs Weber State,02/20/16,74-77,L,26-62,.762,6-21,16-21,9,28,37,33.0
2016,Mens,vs Southern Utah,02/27/16,59-69,L,19-59,.773,4-22,17-22,11,25,36,33.1
2016,Mens,at Portland State,03/03/16,81-89,L,32-69,.769,7-19,10-13,8,29,37,33.3
2016,Mens,at Sacramento State,03/05/16,51-64,L,18-57,.769,5-27,10-13,11,24,35,33.3
2016,Mens,at Eastern Washington,03/08/16,52-74,L,19-47,.647,3-13,11-17,7,28,35,33.4
2024,Womens,at Oregon,11/06/23,48-81,L,20-69,.600,5-29,3-5,18,21,39,39.0
2024,Womens,at Arizona,11/10/23,64-87,L,24-58,.636,9-27,7-11,9,17,26,32.5
2024,Womens,vs Benedictine Mesa,11/15/23,91-37,W,38-80,.571,7-31,8-14,20,37,57,40.7
2024,Womens,at UC San Diego,11/19/23,74-69,W,23-59,.750,10-24,18-24,12,25,37,39.8
2024,Womens,vs Portland,11/24/23,66-65,W,26-59,.714,4-12,10-14,15,25,40,39.8
2024,Womens,vs Youngstown St.,11/25/23,74-70,W,29-62,.769,6-21,10-13,8,25,33,38.7
2024,Womens,vs UNLV,11/29/23,69-85,L,28-69,.667,7-21,6-9,6,25,31,37.6
2024,Womens,vs Pacific,12/06/23,96-65,W,32-69,.840,11-20,21-25,14,34,48,38.9
2024,Womens,at San Francisco,12/09/23,92-76,W,34-78,.923,12-32,12-13,16,25,41,39.1
2024,Womens,at Pepperdine,12/18/23,80-62,W,27-61,.750,8-17,18-24,12,27,39,39.1
2024,Womens,at Southern Utah,12/21/23,81-70,W,29-64,.842,7-19,16-19,8,28,36,38.8
2024,Womens,vs Northern Colo.,12/30/23,76-72,W,30-75,.727,8-24,8-11,11,23,34,38.4
2024,Womens,vs South Dakota St.,01/03/24,102-110,L,38-85,.625,11-23,15-24,11,30,41,38.6
2024,Womens,at North Dakota St.,01/06/24,73-99,L,28-61,.722,4-12,13-18,7,17,24,37.6
2024,Womens,vs Montana St.,01/11/24,88-73,W,28-58,.870,12-23,20-23,11,26,37,37.5
2024,Womens,vs Montana,01/13/24,84-89,L,29-68,1.000,5-19,21-21,9,24,33,37.3
2024,Womens,at Portland St.,01/18/24,73-65,W,22-52,.815,7-17,22-27,11,25,36,37.2
2024,Womens,at Sacramento St.,01/20/24,83-66,W,30-67,.882,8-25,15-17,13,35,48,37.8
2024,Womens,vs Idaho,01/25/24,65-53,W,26-54,.846,2-9,11-13,8,32,40,37.9
2024,Womens,vs Eastern Wash.,01/27/24,89-81,W,31-75,.944,10-26,17-18,14,33,47,38.4
2024,Womens,at Weber St.,02/01/24,85-65,W,30-55,.706,13-24,12-17,4,29,33,38.1
2024,Womens,at Idaho St.,02/03/24,73-59,W,23-56,.870,7-25,20-23,12,24,36,38.0
2024,Womens,at Montana,02/08/24,69-60,W,27-70,1.000,6-21,9-9,13,33,46,38.3
2024,Womens,at Montana St.,02/10/24,71-58,W,26-59,.929,6-15,13-14,15,29,44,38.6
2024,Womens,vs Sacramento St.,02/15/24,66-82,L,21-62,.467,10-32,14-30,15,22,37,38.5
2024,Womens,vs Portland St.,02/17/24,89-73,W,32-63,.833,10-24,15-18,8,21,29,38.2
2024,Womens,at Eastern Wash.,02/22/24,42-67,L,14-67,.588,4-24,10-17,17,25,42,38.3
2024,Womens,at Idaho,02/24/24,60-55,W,22-59,.917,5-22,11-12,9,32,41,38.4
2024,Womens,vs Idaho St.,02/29/24,89-74,W,28-67,.818,15-37,18-22,14,19,33,38.2
2024,Womens,vs Weber St.,03/02/24,73-41,W,30-67,.857,7-28,6-7,12,38,50,38.6
2024,Womens,at Northern Colo.,03/04/24,67-61,W,27-65,.625,8-20,5-8,14,23,37,38.5
2023,Womens,at Arizona St.,11/07/22,68-69,L,26-73,.467,9-27,7-15,19,31,50,50.0
2023,Womens,at Arizona,11/10/22,56-113,L,19-56,.591,5-21,13-22,12,17,29,39.5
2023,Womens,vs UC San Diego,11/13/22,87-54,W,30-70,.773,10-25,17-22,12,23,35,38.0
2023,Womens,at California Baptist,11/16/22,110-104,W,37-79,.636,15-34,21-33,10,40,50,41.0
2023,Womens,vs Park (AZ),11/20/22,111-44,W,45-78,.929,8-29,13-14,18,28,46,42.0
2023,Womens,at Arkansas,11/24/22,73-82,L,26-62,.786,10-25,11-14,8,30,38,41.3
2023,Womens,vs Kansas St.,11/25/22,80-93,L,29-61,.800,10-25,12-15,7,24,31,39.9
2023,Womens,vs Clemson,11/26/22,62-80,L,22-56,.682,3-22,15-22,12,20,32,38.9
2023,Womens,vs Southern Utah,12/03/22,76-65,W,28-72,.571,8-21,12-21,16,32,48,39.9
2023,Womens,at Fresno St.,12/08/22,63-68,L,25-54,.500,8-21,5-10,12,21,33,39.2
2023,Womens,at Cal Poly,12/10/22,79-76,W,26-64,.778,6-28,21-27,18,29,47,39.9
2023,Womens,at UC Davis,12/19/22,83-81,W,27-69,.857,11-26,18-21,13,26,39,39.8
2023,Womens,at UNLV,12/21/22,73-93,L,26-70,.786,10-27,11-14,14,28,42,40.0
2023,Womens,vs Idaho St.,12/29/22,64-69,L,24-68,.565,3-24,13-23,16,26,42,40.1
2023,Womens,vs Weber St.,12/31/22,82-68,W,21-57,.857,10-25,30-35,13,30,43,40.3
2023,Womens,at Montana,01/05/23,76-74,W,30-78,.714,6-25,10-14,14,32,46,40.7
2023,Womens,at Montana St.,01/07/23,85-80,W,30-66,.720,7-24,18-25,13,26,39,40.6
2023,Womens,vs Portland St.,01/12/23,66-78,L,26-64,.455,9-26,5-11,14,25,39,40.5
2023,Womens,vs Sacramento St.,01/14/23,77-67,W,28-65,.917,10-21,11-12,8,20,28,39.8
2023,Womens,at Idaho,01/19/23,90-67,W,37-71,.889,8-20,8-9,13,33,46,40.2
2023,Womens,at Eastern Wash.,01/21/23,89-96,L,33-81,.737,9-30,14-19,15,31,46,40.4
2023,Womens,at Northern Colo.,01/28/23,62-59,W,24-71,.750,5-26,9-12,16,26,42,40.5
2023,Womens,vs Montana St.,02/02/23,79-50,W,31-70,.800,9-27,8-10,13,33,46,40.7
2023,Womens,vs Montana,02/04/23,76-80,L,30-84,.636,9-41,7-11,17,27,44,40.9
2023,Womens,at Idaho St.,02/06/23,64-54,W,22-58,.667,8-27,12-18,14,22,36,40.7
2023,Womens,at Sacramento St.,02/09/23,84-82,W,27-62,.781,5-18,25-32,11,24,35,40.5
2023,Womens,at Portland St.,02/11/23,55-60,L,19-51,.813,4-16,13-16,9,33,42,40.5
2023,Womens,vs Eastern Wash.,02/16/23,61-55,W,20-68,.867,8-29,13-15,19,35,54,41.0
2023,Womens,vs Idaho,02/18/23,87-78,W,32-72,.714,13-30,10-14,13,26,39,40.9
2023,Womens,vs Northern Colo.,02/25/23,66-48,W,24-61,.643,9-19,9-14,10,32,42,41.0
2023,Womens,at Weber St.,02/27/23,66-57,W,24-59,.722,5-21,13-18,11,33,44,41.1
2023,Womens,vs Northern Colo.,03/05/23,64-48,W,23-66,.769,8-29,10-13,12,29,41,41.1
2023,Womens,vs Eastern Wash.,03/07/23,74-57,W,29-61,.455,11-24,5-11,14,32,46,41.2
2023,Womens,vs Sacramento St.,03/08/23,63-76,L,25-69,.636,6-19,7-11,12,22,34,41.0
2023,Womens,at New Mexico,03/16/23,64-72,L,27-66,.667,4-20,6-9,8,25,33,40.8
2022,Womens,at Washington St.,11/12/21,54-62,L,22-53,.600,4-14,6-10,8,33,41,41.0
2022,Womens,at Washington,11/14/21,65-72,L,28-72,.625,4-14,5-8,12,22,34,37.5
2022,Womens,vs UNLV,11/17/21,84-62,W,36-62,.625,7-15,5-8,4,34,38,37.7
2022,Womens,at UTEP,11/20/21,62-72,L,23-56,.600,7-19,9-15,8,22,30,35.8
2022,Womens,vs Weber St.,12/02/21,83-79,W,28-61,.759,5-14,22-29,10,26,36,35.8
2022,Womens,vs Idaho St.,12/04/21,81-74,W,29-50,.690,3-11,20-29,6,32,38,36.2
2022,Womens,vs Grand Canyon,12/09/21,108-77,W,43-68,.769,12-22,10-13,17,28,45,37.4
2022,Womens,vs California Baptist,12/11/21,73-89,L,27-68,.571,7-15,12-21,9,28,37,37.4
2022,Womens,vs Cal Poly,12/13/21,88-73,W,32-66,.941,8-17,16-17,10,30,40,37.7
2022,Womens,vs Arizona,12/17/21,55-82,L,21-52,.417,8-12,5-12,11,18,29,36.8
2022,Womens,at Idaho,12/30/21,76-63,W,29-71,.632,6-17,12-19,10,33,43,37.4
2022,Womens,vs Southern Utah,01/08/22,61-70,L,21-60,.667,5-19,14-21,8,25,33,37.0
2022,Womens,at Sacramento St.,01/10/22,68-57,W,25-58,.824,4-12,14-17,10,27,37,37.0
2022,Womens,at Montana St.,01/20/22,73-88,L,29-61,.778,8-20,7-9,9,20,29,36.4
2022,Womens,at Montana,01/22/22,60-66,L,23-76,.778,7-24,7-9,18,25,43,36.9
2022,Womens,at Eastern Wash.,01/24/22,69-54,W,28-58,.700,6-20,7-10,9,33,42,37.2
2022,Womens,at Portland St.,01/29/22,79-68,W,27-60,.778,11-19,14-18,14,25,39,37.3
2022,Womens,vs Northern Colo.,01/31/22,49-61,L,18-62,.818,4-19,9-11,13,21,34,37.1
2022,Womens,vs Sacramento St.,02/03/22,62-76,L,25-62,.818,3-14,9-11,9,13,22,36.3
2022,Womens,at Northern Colo.,02/05/22,77-71,W,26-56,.808,4-11,21-26,13,27,40,36.5
2022,Womens,vs Montana,02/10/22,60-59,W,20-58,.810,3-11,17-21,11,28,39,36.6
2022,Womens,vs Montana St.,02/12/22,77-83,L,30-62,.833,7-19,10-12,15,21,36,36.6
2022,Womens,vs Portland St.,02/17/22,94-66,W,37-64,.682,5-11,15-22,11,24,35,36.5
2022,Womens,at Southern Utah,02/21/22,67-90,L,25-59,.700,3-8,14-20,10,22,32,36.3
2022,Womens,at Idaho St.,02/24/22,66-76,L,23-60,.733,9-21,11-15,10,25,35,36.3
2022,Womens,at Weber St.,02/26/22,89-77,W,28-52,.683,5-11,28-41,7,25,32,36.1
2022,Womens,vs Eastern Wash.,03/02/22,81-67,W,28-65,.818,7-19,18-22,18,35,53,36.7
2022,Womens,vs Idaho,03/04/22,86-69,W,37-74,.556,7-17,5-9,14,28,42,36.9
2022,Womens,vs Montana,03/08/22,75-57,W,26-62,.727,7-15,16-22,9,26,35,36.9
2022,Womens,vs Northern Colo.,03/09/22,72-67,W,28-56,.714,6-14,10-14,7,24,31,36.7
2022,Womens,at Montana St.,03/11/22,64-75,L,26-71,.875,5-29,7-8,17,30,47,37.0
2021,Womens,at UNLV,11/25/20,79-75,W,28-68,.667,9-24,14-21,15,28,43,43.0
2021,Womens,at Arizona,11/29/20,63-76,L,23-71,.786,6-19,11-14,16,30,46,44.5
2021,Womens,at Eastern Wash.,12/05/20,89-60,W,36-70,.923,5-14,12-13,9,22,31,40.0
2021,Womens,at Eastern Wash.,12/06/20,69-55,W,25-65,.714,9-27,10-14,14,24,38,39.5
2021,Womens,at Grand Canyon,12/10/20,58-66,L,21-51,.643,7-19,9-14,3,37,40,39.6
2021,Womens,vs UTEP,12/17/20,83-75,W,30-57,.800,7-20,16-20,8,29,37,39.2
2021,Womens,vs Idaho,12/31/20,84-62,W,34-65,1.000,10-21,6-6,7,32,39,39.1
2021,Womens,vs Idaho,01/02/21,59-66,L,22-63,.615,7-23,8-13,7,29,36,38.8
2021,Womens,at Idaho St.,01/07/21,66-70,L,27-66,.500,5-19,7-14,9,35,44,39.3
2021,Womens,at Idaho St.,01/09/21,65-78,L,24-59,.625,7-19,10-16,8,15,23,37.7
2021,Womens,vs Montana,01/14/21,74-83,L,26-66,.917,11-25,11-12,7,18,25,36.5
2021,Womens,vs Montana,01/16/21,89-76,W,33-58,.778,9-19,14-18,5,20,25,35.6
2021,Womens,at Montana St.,01/21/21,56-79,L,20-54,.565,3-15,13-23,13,21,34,35.5
2021,Womens,at Montana St.,01/23/21,65-90,L,28-69,.625,4-22,5-8,16,20,36,35.5
2021,Womens,at Northern Colo.,01/28/21,54-59,L,20-58,.733,3-19,11-15,10,25,35,35.5
2021,Womens,vs Northern Colo.,01/30/21,84-81,W,32-68,.750,8-21,12-16,13,20,33,35.3
2021,Womens,vs Sacramento St.,02/04/21,75-51,W,30-61,.286,13-28,2-7,10,39,49,36.1
2021,Womens,vs Sacramento St.,02/06/21,76-75,W,31-68,.667,6-25,8-12,10,23,33,35.9
2021,Womens,at Portland St.,02/11/21,73-75,L,26-62,.833,11-14,10-12,14,21,35,35.9
2021,Womens,at Portland St.,02/14/21,56-58,L,25-57,.400,4-14,2-5,9,24,33,35.8
2021,Womens,vs Weber St.,02/18/21,82-70,W,25-60,.778,11-21,21-27,14,25,39,35.9
2021,Womens,vs Weber St.,02/20/21,85-68,W,37-83,.750,8-25,3-4,18,29,47,36.4
2021,Womens,vs Southern Utah,02/25/21,67-56,W,24-62,.800,7-20,12-15,9,25,34,36.3
2021,Womens,at Southern Utah,02/27/21,80-97,L,28-73,.824,10-28,14-17,15,15,30,36.0
2021,Womens,vs Weber St.,03/08/21,82-68,W,30-66,.833,12-26,10-12,9,20,29,35.8
2021,Womens,at Idaho,03/09/21,53-67,L,23-63,.222,5-17,2-9,11,26,37,35.8
2021,Womens,at FIU,03/19/21,82-69,W,33-75,.818,7-21,9-11,14,33,47,36.2
2021,Womens,vs Portland,03/20/21,65-80,L,26-52,.750,1-11,12-16,7,20,27,35.9
2021,Womens,at Stetson,03/21/21,51-48,W,20-60,.667,3-18,8-12,15,33,48,36.3
2020,Womens,at New Mexico,11/08/19,76-83,L,25-64,.630,9-25,17-27,14,34,48,48.0
2020,Womens,vs Seattle U,11/16/19,88-80,W,29-69,.690,10-23,20-29,16,34,50,49.0
2020,Womens,at California Baptist,11/21/19,79-98,L,31-72,.714,7-20,10-14,8,30,38,45.3
2020,Womens,at Fresno State,11/24/19,66-83,L,27-56,.818,3-15,9-11,10,30,40,44.0
2020,Womens,at Rice,11/30/19,57-71,L,23-60,.857,5-20,6-7,9,27,36,42.4
2020,Womens,at Houston Baptist,12/01/19,79-62,W,29-57,.778,7-14,14-18,11,23,34,41.0
2020,Womens,vs UC Davis,12/08/19,61-71,L,20-52,.929,8-23,13-14,8,22,30,39.4
2020,Womens,at Oregon St.,12/18/19,57-91,L,25-64,.429,4-12,3-7,4,16,20,37.0
2020,Womens,vs San Jose St.,12/19/19,67-64,W,23-55,.750,3-12,18-24,12,38,50,38.4
2020,Womens,vs Montana,12/28/19,71-79,L,27-60,.538,10-21,7-13,6,25,31,37.7
2020,Womens,vs Montana St.,12/30/19,64-72,L,20-57,.800,4-17,20-25,11,32,43,38.2
2020,Womens,at Weber St.,01/04/20,88-82,W,31-69,.833,6-19,20-24,12,18,30,37.5
2020,Womens,vs Sacramento St.,01/09/20,114-107,W,41-99,.857,14-39,18-21,21,41,62,39.4
2020,Womens,at Idaho St.,01/11/20,70-59,W,25-51,.700,6-16,14-20,6,27,33,38.9
2020,Womens,vs Southern Utah,01/16/20,84-76,W,29-56,.696,10-21,16-23,9,27,36,38.7
2020,Womens,vs Northern Colo.,01/18/20,72-45,W,26-57,.688,9-22,11-16,15,31,46,39.2
2020,Womens,at Portland St.,01/25/20,54-66,L,21-62,.750,3-16,9-12,9,33,42,39.4
2020,Womens,at Sacramento St.,01/27/20,85-65,W,35-80,.727,7-21,8-11,23,37,60,40.5
2020,Womens,at Idaho,02/01/20,71-70,W,24-54,.684,10-15,13-19,8,31,39,40.4
2020,Womens,at Eastern Wash.,02/03/20,70-62,W,27-60,.846,5-15,11-13,11,27,38,40.3
2020,Womens,vs Idaho St.,02/06/20,76-79,L,24-64,.741,8-22,20-27,14,28,42,40.4
2020,Womens,vs Weber St.,02/08/20,92-61,W,32-74,.741,8-26,20-27,17,30,47,40.7
2020,Womens,at Northern Colo.,02/13/20,71-60,W,23-63,.895,8-18,17-19,10,25,35,40.4
2020,Womens,at Southern Utah,02/15/20,64-82,L,21-49,.850,5-12,17-20,2,21,23,39.7
2020,Womens,vs Idaho,02/20/20,70-67,W,25-65,.875,6-22,14-16,8,39,47,40.0
2020,Womens,vs Eastern Wash.,02/22/20,63-58,W,23-66,.667,5-17,12-18,18,30,48,40.3
2020,Womens,at Montana,02/27/20,57-70,L,23-65,.583,4-21,7-12,16,24,40,40.3
2020,Womens,at Montana St.,02/29/20,71-73,L,27-66,.833,7-25,10-12,10,29,39,40.3
2020,Womens,vs Portland St.,03/04/20,63-68,L,22-61,.778,5-17,14-18,10,34,44,40.4
2020,Womens,at Montana,03/10/20,68-65,W,22-57,.727,8-22,16-22,9,36,45,40.5
2020,Womens,at Montana St.,03/11/20,71-76,L,27-57,.750,8-19,9-12,6,30,36,40.4
2019,Womens,vs Fresno State,11/06/18,86-73,W,32-56,.875,15-20,7-8,8,31,39,39.0
2019,Womens,at Seattle U,11/09/18,65-58,W,23-63,.833,4-23,15-18,11,20,31,35.0
2019,Womens,at Washington,11/11/18,59-81,L,21-60,.647,6-25,11-17,11,20,31,33.7
2019,Womens,vs California Baptist,11/17/18,91-88,W,34-69,.750,5-15,18-24,8,31,39,35.0
2019,Womens,at LMU,11/23/18,63-62,W,26-58,.474,2-14,9-19,11,27,38,35.6
2019,Womens,at SMU,11/24/18,48-55,L,20-59,1.000,4-15,4-4,9,30,39,36.2
2019,Womens,at Colorado State,12/05/18,54-65,L,17-60,.800,8-20,12-15,11,30,41,36.9
2019,Womens,vs New Mexico,12/08/18,55-84,L,16-68,.739,6-26,17-23,14,31,45,37.9
2019,Womens,at Arizona,12/21/18,47-71,L,19-60,.500,2-12,7-14,18,20,38,37.9
2019,Womens,at Montana,12/29/18,62-78,L,23-65,.500,9-24,7-14,18,21,39,38.0
2019,Womens,at Montana State,12/31/18,70-80,L,30-69,.385,5-15,5-13,14,27,41,38.3
2019,Womens,vs Weber State,01/03/19,74-64,W,26-70,.778,8-18,14-18,14,33,47,39.0
2019,Womens,vs Idaho State,01/05/19,69-80,L,23-64,.714,3-13,20-28,18,26,44,39.4
2019,Womens,vs Southern Utah,01/12/19,76-82,L,28-66,.824,6-16,14-17,10,35,45,39.8
2019,Womens,at Sacramento State,01/17/19,61-65,L,23-67,.722,2-19,13-18,18,29,47,40.3
2019,Womens,at Portland State,01/19/19,55-72,L,17-54,.679,2-12,19-28,12,23,35,39.9
2019,Womens,at Northern Colorado,01/26/19,53-63,L,22-63,.600,3-12,6-10,12,30,42,40.1
2019,Womens,at Southern Utah,01/28/19,78-69,W,29-62,.789,5-15,15-19,12,29,41,40.1
2019,Womens,vs Idaho,01/31/19,69-86,L,27-66,.692,6-15,9-13,17,27,44,40.3
2019,Womens,vs Eastern Washington,02/02/19,62-64,L,23-54,.722,3-12,13-18,6,29,35,40.1
2019,Womens,at Idaho State,02/07/19,81-77,W,25-54,.783,13-20,18-23,8,25,33,39.7
2019,Womens,at Weber State,02/09/19,75-64,W,28-61,.750,7-20,12-16,10,36,46,40.0
2019,Womens,vs Portland State,02/14/19,59-74,L,21-58,.765,4-14,13-17,10,31,41,40.0
2019,Womens,vs Sacramento State,02/16/19,71-69,W,26-62,.652,4-15,15-23,15,23,38,40.0
2019,Womens,at Idaho,02/21/19,72-90,L,28-60,.706,4-10,12-17,7,20,27,39.4
2019,Womens,at Eastern Washington,02/23/19,76-81,L,27-54,.850,5-16,17-20,8,22,30,39.1
2019,Womens,vs Montana State,03/02/19,76-72,W,30-67,.700,9-25,7-10,16,27,43,39.2
2019,Womens,vs Montana,03/04/19,82-65,W,33-62,.857,10-20,6-7,8,31,39,39.2
2019,Womens,vs Northern Colorado,03/09/19,79-68,W,31-73,.786,6-22,11-14,16,32,48,39.5
2019,Womens,vs Sacramento State,03/11/19,74-69,W,22-66,.788,4-13,26-33,16,33,49,39.8
2019,Womens,at IDAHO,03/12/19,73-90,L,26-66,.867,8-19,13-15,5,32,37,39.7
2018,Womens,vs UC Santa Barbara,11/10/17,93-96,L,37-78,.750,7-18,12-16,14,29,43,43.0
2018,Womens,vs Rice,11/12/17,83-88,L,30-64,.778,9-21,14-18,11,25,36,39.5
2018,Womens,at Hawaii,11/17/17,68-84,L,22-59,.821,1-7,23-28,10,27,37,38.7
2018,Womens,vs Boise State,11/19/17,62-60,W,21-60,.571,4-14,16-28,13,29,42,39.5
2018,Womens,vs Antelope Valley,11/27/17,104-49,W,35-70,.651,6-21,28-43,23,47,70,45.6
2018,Womens,at Denver,12/03/17,73-80,L,23-68,.692,9-24,18-26,21,32,53,46.8
2018,Womens,vs Arizona,12/07/17,84-66,W,30-55,.762,8-13,16-21,4,30,34,45.0
2018,Womens,vs Cal Poly,12/09/17,73-89,L,27-65,.619,6-18,13-21,13,22,35,43.8
2018,Womens,vs Grand Canyon,12/14/17,54-72,L,19-54,.722,3-14,13-18,9,31,40,43.3
2018,Womens,at Youngstown State,12/16/17,67-69,L,26-49,.474,6-16,9-19,7,29,36,42.6
2018,Womens,at CSUN,12/18/17,69-78,L,27-70,.750,6-19,9-12,15,32,47,43.0
2018,Womens,at Montana,12/28/17,62-70,L,25-62,.750,6-20,6-8,12,37,49,43.5
2018,Womens,at Montana State,12/30/17,39-81,L,15-64,.778,2-20,7-9,16,19,35,42.8
2018,Womens,vs Weber State,01/04/18,76-75,W,30-70,.643,7-21,9-14,12,31,43,42.9
2018,Womens,vs Idaho State,01/06/18,55-75,L,15-53,.864,6-18,19-22,8,27,35,42.3
2018,Womens,vs Southern Utah,01/13/18,57-60,L,23-58,1.000,4-13,7-7,11,28,39,42.1
2018,Womens,at Eastern Washington,01/18/18,62-82,L,21-62,.636,6-20,14-22,13,27,40,42.0
2018,Womens,at Idaho,01/20/18,68-83,L,25-67,.667,8-27,10-15,11,23,34,41.6
2018,Womens,vs Montana State,01/25/18,56-78,L,19-63,.778,4-30,14-18,14,33,47,41.8
2018,Womens,vs Montana,01/27/18,52-69,L,14-51,.826,5-19,19-23,9,25,34,41.5
2018,Womens,at Idaho State,02/01/18,59-76,L,19-47,.652,6-14,15-23,11,21,32,41.0
2018,Womens,at Weber State,02/03/18,63-77,L,24-69,.667,3-19,12-18,16,33,49,41.4
2018,Womens,at Southern Utah,02/10/18,72-55,W,28-62,.571,8-18,8-14,10,32,42,41.4
2018,Womens,vs Northern Colorado,02/15/18,63-85,L,24-51,.833,5-11,10-12,2,26,28,40.8
2018,Womens,vs North Dakota,02/17/18,79-59,W,28-61,.722,10-21,13-18,9,30,39,40.8
2018,Womens,at Sacramento State,02/22/18,95-90,W,31-70,.684,7-22,26-38,20,51,71,41.9
2018,Womens,at Portland State,02/24/18,59-68,L,21-63,.625,7-25,10-16,17,31,48,42.1
2018,Womens,vs Idaho,02/28/18,83-93,L,33-63,.714,7-11,10-14,8,23,31,41.8
2018,Womens,vs Eastern Washington,03/02/18,83-98,L,27-64,.800,9-23,20-25,12,23,35,41.5
2018,Womens,at Portland State,03/05/18,61-77,L,22-76,.692,8-28,9-13,23,31,54,41.9
2017,Womens,at UTEP,11/11/16,65-51,W,26-62,.700,6-18,7-10,14,24,38,38.0
2017,Womens,vs Antelope Valley,11/13/16,109-60,W,40-83,.909,9-23,20-22,18,43,61,49.5
2017,Womens,at Cal Poly,11/18/16,53-58,L,20-63,.667,5-25,8-12,16,34,50,49.7
2017,Womens,at UC Santa Barbara,11/20/16,51-60,L,17-53,.591,4-17,13-22,15,23,38,46.8
2017,Womens,at Lamar,11/23/16,60-75,L,19-54,.824,8-22,14-17,12,22,34,44.2
2017,Womens,vs Youngstown St.,11/28/16,70-49,W,27-68,.900,7-25,9-10,15,36,51,45.3
2017,Womens,vs CSUN,12/01/16,79-83,L,28-66,.824,9-25,14-17,17,18,35,43.9
2017,Womens,vs Denver,12/03/16,82-67,W,32-62,.545,12-27,6-11,11,21,32,42.4
2017,Womens,vs New Mexico State,12/11/16,68-79,L,23-57,.786,11-28,11-14,15,19,34,41.4
2017,Womens,at Grand Canyon,12/19/16,65-76,L,24-66,.500,11-32,6-12,12,26,38,41.1
2017,Womens,at Utah,12/21/16,65-78,L,21-67,.682,8-29,15-22,15,28,43,41.3
2017,Womens,at Southern Utah,12/31/16,77-68,W,25-73,.938,12-35,15-16,12,24,36,40.8
2017,Womens,vs North Dakota,01/05/17,78-80,L,27-62,.850,7-19,17-20,8,24,32,40.2
2017,Womens,vs Northern Colorado,01/07/17,66-69,L,23-59,.813,7-18,13-16,15,27,42,40.3
2017,Womens,at Sacramento State,01/14/17,76-82,L,29-60,.813,5-15,13-16,13,32,45,40.6
2017,Womens,at Portland State,01/16/17,55-56,L,22-67,.667,3-22,8-12,16,22,38,40.4
2017,Womens,vs Eastern Washington,01/19/17,56-47,W,19-52,.750,6-15,12-16,13,31,44,40.6
2017,Womens,vs Idaho,01/21/17,80-91,L,31-67,.875,4-14,14-16,13,21,34,40.3
2017,Womens,at Northern Colorado,01/26/17,64-75,L,24-57,.800,8-18,8-10,13,18,31,39.8
2017,Womens,at North Dakota,01/28/17,69-88,L,23-73,.625,8-23,15-24,23,14,37,39.7
2017,Womens,vs Idaho State,02/02/17,51-64,L,17-51,.857,5-18,12-14,8,14,22,38.8
2017,Womens,vs Weber State,02/04/17,64-75,L,27-68,.600,4-19,6-10,16,31,47,39.2
2017,Womens,at Montana State,02/09/17,69-86,L,25-63,.667,9-28,10-15,11,22,33,38.9
2017,Womens,at Montana,02/11/17,59-60,L,24-63,.600,5-23,6-10,11,29,40,39.0
2017,Womens,vs Southern Utah,02/18/17,77-65,W,28-63,.867,8-23,13-15,13,32,45,39.2
2017,Womens,vs Sacramento State,02/23/17,91-88,W,35-69,.600,9-23,12-20,8,40,48,39.5
2017,Womens,vs Portland State,02/25/17,73-74,L,29-83,.333,13-38,2-6,18,24,42,39.6
2017,Womens,at Idaho,03/01/17,76-61,W,26-65,.778,10-25,14-18,11,28,39,39.6
2017,Womens,at Eastern Washington,03/03/17,64-79,L,23-56,.778,4-21,14-18,8,28,36,39.5
2017,Womens,at Portland State,03/06/17,76-88,L,25-60,.833,11-30,15-18,11,19,30,39.2
2016,Womens,vs Hawaii,11/15/15,52-61,L,14-59,.800,0-10,24-30,13,22,35,35.0
2016,Womens,at UTEP,11/17/15,66-77,L,25-60,.478,5-16,11-23,13,31,44,39.5
2016,Womens,vs Lamar,11/22/15,75-63,W,33-64,.545,3-15,6-11,14,35,49,42.7
2016,Womens,at Long Beach St.,11/27/15,48-69,L,19-57,.444,2-12,8-18,16,27,43,42.8
2016,Womens,at New Mexico State,11/28/15,53-87,L,19-59,.632,3-13,12-19,16,24,40,42.2
2016,Womens,vs N.M. Highlands,12/01/15,91-43,W,34-63,.867,10-17,13-15,14,36,50,43.5
2016,Womens,at UC Irvine,12/04/15,71-55,W,28-58,.462,3-17,12-26,11,31,42,43.3
2016,Womens,at Colorado,12/09/15,66-90,L,23-65,.739,3-11,17-23,16,20,36,42.4
2016,Womens,vs Dixie St.,12/12/15,68-66,W,26-62,.778,2-7,14-18,10,34,44,42.6
2016,Womens,at Nebraska,12/19/15,67-90,L,29-70,.333,5-16,4-12,10,26,36,41.9
2016,Womens,at Iowa State,12/22/15,63-79,L,23-67,.643,8-18,9-14,14,28,42,41.9
2016,Womens,at Montana,12/31/15,58-81,L,21-55,.643,7-15,9-14,13,19,32,41.1
2016,Womens,at Montana State,01/02/16,77-86,L,28-64,.536,6-16,15-28,14,37,51,41.8
2016,Womens,vs Southern Utah,01/09/16,57-48,W,22-64,.533,5-16,8-15,13,39,52,42.6
2016,Womens,vs Idaho,01/14/16,51-72,L,20-63,.833,6-19,5-6,9,24,33,41.9
2016,Womens,vs Eastern Washington,01/16/16,71-81,L,23-66,.875,4-14,21-24,18,26,44,42.1
2016,Womens,at North Dakota,01/21/16,56-63,L,21-59,.818,5-13,9-11,13,17,30,41.4
2016,Womens,at Northern Colorado,01/23/16,55-79,L,17-48,.810,4-14,17-21,6,23,29,40.7
2016,Womens,vs Weber State,01/28/16,56-76,L,20-63,.882,1-12,15-17,15,29,44,40.8
2016,Womens,vs Idaho State,01/30/16,63-62,W,21-56,.682,6-16,15-22,11,32,43,41.0
2016,Womens,at Eastern Washington,02/04/16,65-72,L,24-65,.696,1-14,16-23,17,27,44,41.1
2016,Womens,at Idaho,02/06/16,59-76,L,21-62,.533,9-15,8-15,12,26,38,41.0
2016,Womens,vs Montana State,02/11/16,72-83,L,26-59,.750,5-12,15-20,11,20,31,40.5
2016,Womens,vs Montana,02/13/16,57-61,L,19-49,.667,7-17,12-18,9,31,40,40.5
2016,Womens,at Idaho State,02/18/16,61-71,L,20-63,.680,4-13,17-25,14,20,34,40.2
2016,Womens,at Weber State,02/20/16,88-95,L,35-60,.824,4-6,14-17,6,32,38,40.2
2016,Womens,at Southern Utah,02/27/16,68-73,L,26-69,.706,4-21,12-17,12,19,31,39.8
2016,Womens,vs Portland State,03/02/16,80-88,L,32-74,.727,8-20,8-11,15,21,36,39.7
2016,Womens,vs Sacramento State,03/04/16,79-111,L,34-84,.875,4-10,7-8,22,35,57,40.3
2016,Womens,at Montana,03/07/16,63-78,L,21-54,.833,6-12,15-18,7,25,32,40.0
2015,Womens,vs UC Irvine,11/14/14,66-35,W,20-55,.677,5-22,21-31,22,34,56,56.0
2015,Womens,vs Western New Mexico,11/16/14,54-58,L,22-64,.615,2-17,8-13,14,30,44,50.0
2015,Womens,at UTEP,11/19/14,58-82,L,18-53,.682,7-22,15-22,10,28,38,46.0
2015,Womens,vs UC Santa Barbara,11/23/14,67-49,W,22-49,.952,3-11,20-21,11,28,39,44.3
2015,Womens,at Texas-Arlington,11/26/14,62-80,L,20-44,.731,3-14,19-26,12,22,34,42.2
2015,Womens,vs Fort Lewis College,11/29/14,61-43,W,21-62,.714,4-15,15-21,19,30,49,43.3
2015,Womens,vs Loyola Marymount,12/03/14,82-64,W,31-67,.700,6-17,14-20,14,29,43,43.3
2015,Womens,at Oregon,12/13/14,47-59,L,19-59,.462,3-16,6-13,12,28,40,42.9
2015,Womens,vs Pepperdine,12/16/14,63-66,L,27-59,.700,2-18,7-10,10,28,38,42.3
2015,Womens,vs CSUN,12/18/14,71-77,L,25-54,.833,1-5,20-24,9,30,39,42.0
2015,Womens,at New Mexico,12/21/14,37-56,L,15-55,.583,0-7,7-12,9,23,32,41.1
2015,Womens,vs Sacramento State,01/01/15,64-60,W,26-56,.733,1-5,11-15,13,38,51,41.9
2015,Womens,vs Portland State,01/03/15,94-46,W,37-69,.900,11-17,9-10,19,30,49,42.5
2015,Womens,at Southern Utah,01/10/15,53-63,L,15-64,.600,2-15,21-35,21,30,51,43.1
2015,Womens,at Weber State,01/15/15,53-66,L,22-60,.778,2-9,7-9,11,26,37,42.7
2015,Womens,at Idaho State,01/17/15,68-69,L,27-56,.813,1-7,13-16,11,22,33,42.1
2015,Womens,vs Montana,01/22/15,42-69,L,16-63,.636,3-12,7-11,15,17,32,41.5
2015,Womens,vs Montana State,01/24/15,79-64,W,29-56,.762,5-10,16-21,8,27,35,41.1
2015,Womens,vs Southern Utah,01/31/15,73-64,W (OT),26-64,.762,5-17,16-21,16,34,50,41.6
2015,Womens,at Northern Colorado,02/05/15,51-49,W,21-53,.667,3-9,6-9,10,27,37,41.4
2015,Womens,at North Dakota,02/07/15,62-78,L,22-65,.923,6-23,12-13,13,15,28,40.7
2015,Womens,vs Idaho State,02/12/15,64-47,W,23-57,.727,2-12,16-22,5,32,37,40.5
2015,Womens,vs Weber State,02/14/15,56-52,W,18-44,.739,3-12,17-23,9,24,33,40.2
2015,Womens,at Idaho,02/19/15,43-78,L,13-58,.667,5-21,12-18,9,25,34,40.0
2015,Womens,at Eastern Washington,02/21/15,42-73,L,16-59,.500,3-14,7-14,16,21,37,39.8
2015,Womens,vs North Dakota,02/26/15,72-68,W (2 OT),27-70,.591,5-14,13-22,12,30,42,39.9
2015,Womens,vs Northern Colorado,02/28/15,67-88,L,20-50,.759,5-15,22-29,5,19,24,39.3
2015,Womens,at Portland State,03/05/15,79-62,W,36-63,.857,1-10,6-7,12,34,46,39.6
2015,Womens,at Sacramento State,03/07/15,81-105,L,36-57,.500,0-2,9-18,11,32,43,39.7
2015,Womens,at Eastern Washington,03/11/15,57-73,L,21-52,.667,5-17,10-15,6,25,31,39.4
2014,Womens,vs Hawaii,11/10/13,66-74,L,25-56,.667,4-12,12-18,15,22,37,37.0
2014,Womens,at UTEP,11/22/13,43-92,L,16-49,.529,2-17,9-17,14,19,33,35.0
2014,Womens,at Utah Valley,11/30/13,80-66,W,28-68,.800,4-15,20-25,20,26,46,38.7
2014,Womens,at UC Santa Barbara,12/05/13,79-56,W,33-58,.550,2-12,11-20,14,25,39,38.8
2014,Womens,at Loyola Marymount,12/07/13,58-79,L,22-54,.522,2-16,12-23,10,17,27,36.4
2014,Womens,vs UT Arlington,12/14/13,85-65,W,29-49,.857,3-7,24-28,8,20,28,35.0
2014,Womens,at Cal State Northridge,12/19/13,52-64,L,17-55,.600,6-10,12-20,11,28,39,35.6
2014,Womens,at Pepperdine,12/21/13,51-74,L,19-55,.571,5-17,8-14,12,28,40,36.1
2014,Womens,vs LIU Brooklyn,12/30/13,72-78,L,30-64,.556,2-9,10-18,13,24,37,36.2
2014,Womens,vs Montana,01/02/14,67-87,L,25-66,.563,8-21,9-16,16,15,31,35.7
2014,Womens,vs Montana State,01/04/14,72-80,L,21-62,.882,0-11,30-34,16,28,44,36.5
2014,Womens,at Sacramento State,01/09/14,79-104,L,34-69,.857,5-13,6-7,14,34,48,37.4
2014,Womens,vs Southern Utah,01/13/14,82-77,W,28-54,.895,9-17,17-19,8,22,30,36.8
2014,Womens,at Eastern Washington,01/16/14,68-92,L,19-59,.839,4-15,26-31,17,16,33,36.6
2014,Womens,at Portland State,01/18/14,88-67,W,32-60,.773,7-13,17-22,15,23,38,36.7
2014,Womens,vs Northern Colorado,01/23/14,82-86,L (OT),32-61,.625,3-13,15-24,11,23,34,36.5
2014,Womens,vs North Dakota,01/25/14,83-91,L,29-61,.800,9-16,16-20,12,15,27,35.9
2014,Womens,at Weber State,01/30/14,96-87,W,37-65,.789,7-14,15-19,12,25,37,36.0
2014,Womens,at Idaho State,02/01/14,72-82,L,22-59,.750,4-14,24-32,11,23,34,35.9
2014,Womens,vs Sacramento State,02/06/14,91-99,L,37-72,.789,2-10,15-19,15,32,47,36.5
2014,Womens,at Southern Utah,02/10/14,59-93,L,22-57,.682,0-17,15-22,12,11,23,35.8
2014,Womens,vs Portland State,02/13/14,84-61,W,29-55,.773,9-18,17-22,11,24,35,35.8
2014,Womens,vs Eastern Washington,02/15/14,86-78,W,26-55,.833,4-14,30-36,10,28,38,35.9
2014,Womens,at North Dakota,02/20/14,41-71,L,13-49,.652,0-12,15-23,10,16,26,35.5
2014,Womens,at Northern Colorado,02/22/14,86-70,W,30-48,.929,13-18,13-14,8,20,28,35.2
2014,Womens,vs Idaho State,02/27/14,65-72,L,23-61,.727,3-17,16-22,15,21,36,35.2
2014,Womens,vs Weber State,03/01/14,73-74,L,27-57,.680,2-15,17-25,13,20,33,35.1
2014,Womens,at Montana State,03/06/14,85-99,L,32-66,.640,5-13,16-25,9,21,30,34.9
2014,Womens,at Montana,03/08/14,66-83,L,25-61,.625,6-16,10-16,17,29,46,35.3
2013,Womens,at New Mexico,11/09/12,57-68,L,22-55,.500,6-19,7-14,11,21,32,32.0
2013,Womens,vs CSU Bakersfield,11/12/12,68-71,L,26-55,.875,2-13,14-16,10,18,28,30.0
2013,Womens,at Nebraska,11/16/12,55-77,L,23-55,1.000,6-21,3-3,10,23,33,31.0
2013,Womens,at Nebraska-Omaha,11/18/12,75-79,L (2 OT),30-73,.600,12-33,3-5,16,27,43,34.0
2013,Womens,vs Western Michigan,11/23/12,67-78,L,25-61,.786,6-18,11-14,5,29,34,34.0
2013,Womens,vs Bradley,11/24/12,83-95,L,29-65,.792,6-17,19-24,13,22,35,34.2
2013,Womens,at Cal State Fullerton,11/30/12,55-54,W,20-42,.765,2-9,13-17,6,22,28,33.3
2013,Womens,at UC Riverside,12/02/12,43-71,L,16-62,.556,1-15,10-18,16,26,42,34.4
2013,Womens,vs Utah Valley,12/15/12,44-62,L,19-58,1.000,2-12,4-4,10,25,35,34.4
2013,Womens,at Montana,12/20/12,71-79,L (OT),29-65,.571,9-23,4-7,12,29,41,35.1
2013,Womens,at Montana State,12/22/12,52-69,L,20-52,.625,2-11,10-16,9,24,33,34.9
2013,Womens,at Southern Utah,01/03/13,71-61,W,24-55,.581,5-16,18-31,10,36,46,35.8
2013,Womens,vs Eastern Washington,01/10/13,83-68,W,30-58,.714,8-15,15-21,9,27,36,35.8
2013,Womens,vs Portland State,01/12/13,59-60,L,25-56,.818,0-14,9-11,8,30,38,36.0
2013,Womens,vs Weber State,01/17/13,76-55,W,30-65,.714,6-19,10-14,16,27,43,36.5
2013,Womens,vs Idaho State,01/19/13,48-52,L,20-57,.500,1-8,7-14,11,26,37,36.5
2013,Womens,at Northern Colorado,01/24/13,54-69,L,20-46,.800,2-8,12-15,7,16,23,35.7
2013,Womens,at North Dakota,01/26/13,50-70,L,20-60,.500,4-15,6-12,13,28,41,36.0
2013,Womens,at Sacramento State,01/31/13,67-73,L,25-72,.800,5-20,12-15,12,39,51,36.8
2013,Womens,vs Southern Utah,02/04/13,76-74,W (OT),29-59,.909,8-17,10-11,5,25,30,36.5
2013,Womens,at Portland State,02/07/13,61-66,L,22-54,.833,7-20,10-12,11,25,36,36.4
2013,Womens,at Eastern Washington,02/09/13,62-58,W,22-51,.696,2-8,16-23,7,25,32,36.2
2013,Womens,vs Northern Colorado,02/14/13,43-71,L,16-56,.556,1-15,10-18,8,20,28,35.9
2013,Womens,vs North Dakota,02/16/13,64-60,W (OT),22-58,.679,1-13,19-28,14,27,41,36.1
2013,Womens,vs Sacramento State,02/23/13,68-78,L,24-77,.800,4-16,16-20,22,27,49,36.6
2013,Womens,at Idaho State,02/28/13,46-67,L,11-47,.759,2-8,22-29,12,24,36,36.6
2013,Womens,at Weber State,03/02/13,65-49,W,27-55,.625,1-9,10-16,7,32,39,36.7
2013,Womens,vs Montana,03/07/13,51-59,L,19-45,.526,3-11,10-19,5,24,29,36.4
2013,Womens,vs Montana State,03/09/13,66-68,L,25-63,.647,5-15,11-17,16,24,40,36.5
2012,Womens,at Colorado,11/11/11,60-84,L,21-56,.750,9-25,9-12,12,22,34,34.0
2012,Womens,vs UC Riverside,11/13/11,67-59,W,20-50,.741,7-19,20-27,10,29,39,36.5
2012,Womens,vs Adams State,11/15/11,76-50,W,31-60,.636,7-10,7-11,18,22,40,37.7
2012,Womens,at South Dakota,11/18/11,56-73,L,24-60,.214,5-14,3-14,14,20,34,36.8
2012,Womens,at Iowa State,11/20/11,41-65,L,14-48,.563,4-14,9-16,4,24,28,35.0
2012,Womens,vs Utah Valley,11/23/11,73-59,W,29-64,.526,5-20,10-19,18,26,44,36.5
2012,Womens,vs Kent State,11/26/11,72-56,W,28-72,.474,7-22,9-19,21,20,41,37.1
2012,Womens,at San Jose State,12/01/11,64-74,L,24-63,.643,7-21,9-14,18,23,41,37.6
2012,Womens,vs Cal State Fullerton,12/04/11,64-54,W,24-59,.591,3-14,13-22,21,32,53,39.3
2012,Womens,vs Nebraska,12/10/11,88-97,L (2 OT),33-84,.625,12-28,10-16,21,22,43,39.7
2012,Womens,at Utah Valley,12/17/11,56-73,L,23-64,.474,1-13,9-19,15,20,35,39.3
2012,Womens,at Utah State,12/19/11,51-70,L,21-63,.400,3-14,6-15,19,21,40,39.3
2012,Womens,at Sacramento State,12/29/11,85-91,L (2 OT),33-94,.542,6-27,13-24,25,39,64,41.2
2012,Womens,at Northern Colorado,12/31/11,71-77,L,29-68,.500,5-17,8-16,13,17,30,40.4
2012,Womens,vs Portland State,01/05/12,74-84,L,29-74,.857,4-11,12-14,15,18,33,39.9
2012,Womens,vs Eastern Washington,01/07/12,56-74,L,21-50,.533,6-11,8-15,14,21,35,39.6
2012,Womens,at Montana,01/12/12,48-60,L,17-51,.923,2-15,12-13,13,23,36,39.4
2012,Womens,at Montana State,01/14/12,65-77,L,24-62,.524,6-18,11-21,8,27,35,39.2
2012,Womens,vs Weber State,01/19/12,71-58,W,26-63,.765,6-14,13-17,17,25,42,39.3
2012,Womens,vs Idaho State,01/21/12,44-49,L,18-57,.444,4-15,4-9,14,30,44,39.6
2012,Womens,vs Sacramento State,01/28/12,94-56,W,38-80,.625,8-19,10-16,23,35,58,40.4
2012,Womens,at Eastern Washington,02/02/12,58-84,L,22-54,.545,2-9,12-22,13,17,30,40.0
2012,Womens,at Portland State,02/04/12,59-73,L,25-57,.444,5-14,4-9,11,15,26,39.3
2012,Womens,at Idaho State,02/09/12,54-62,L,21-55,.563,3-12,9-16,13,20,33,39.1
2012,Womens,at Weber State,02/11/12,85-82,W,30-65,.692,7-21,18-26,13,21,34,38.9
2012,Womens,vs Montana State,02/16/12,78-83,L,25-61,.714,8-23,20-28,16,24,40,38.9
2012,Womens,at CSU Bakersfield,02/19/12,77-86,L,27-63,.792,4-16,19-24,13,29,42,39.0
2012,Womens,vs Northern Colorado,02/27/12,63-75,L,22-51,.789,4-18,15-19,7,13,20,38.4
2012,Womens,vs Montana,03/03/12,74-70,W,26-50,.560,8-18,14-25,10,29,39,38.4
2011,Womens,at Arizona State,11/12/10,46-81,L,17-54,.500,2-11,10-20,13,25,38,38.0
2011,Womens,at Arizona,11/15/10,49-71,L,17-56,.471,7-26,8-17,6,22,28,33.0
2011,Womens,vs North Dakota State,11/19/10,76-69,W,28-59,.700,6-14,14-20,7,28,35,33.7
2011,Womens,vs Queens (N.Y.),11/22/10,83-71,W,30-76,.708,6-14,17-24,20,22,42,35.8
2011,Womens,vs Binghamton,11/26/10,61-57,W,22-56,.750,8-21,9-12,11,15,26,33.8
2011,Womens,vs Drake,11/27/10,52-67,L,21-63,.750,4-13,6-8,12,22,34,33.8
2011,Womens,vs San Jose State,12/01/10,67-53,W,25-52,.364,9-19,8-22,11,24,35,34.0
2011,Womens,vs Utah State,12/04/10,75-80,L (OT),28-68,.524,8-26,11-21,13,28,41,34.9
2011,Womens,vs South Dakota,12/09/10,57-69,L,23-66,.545,5-20,6-11,12,20,32,34.6
2011,Womens,at San Diego,12/11/10,63-78,L,26-58,.538,4-13,7-13,9,11,20,33.1
2011,Womens,at Northwestern,12/19/10,70-88,L,27-72,.462,10-27,6-13,19,19,38,33.5
2011,Womens,at Minnesota,12/22/10,74-82,L,27-67,.737,6-17,14-19,13,18,31,33.3
2011,Womens,vs Iona,12/30/10,74-57,W,26-66,.850,5-18,17-20,17,26,43,34.1
2011,Womens,at Idaho State,01/06/11,54-64,L,20-69,.611,3-19,11-18,18,27,45,34.9
2011,Womens,at Weber State,01/08/11,69-62,W,25-59,.600,4-15,15-25,12,20,32,34.7
2011,Womens,vs Montana,01/13/11,64-60,W,21-53,.615,6-16,16-26,11,24,35,34.7
2011,Womens,vs Montana State,01/15/11,70-82,L,26-60,.667,6-17,12-18,11,26,37,34.8
2011,Womens,vs Eastern Washington,01/20/11,53-60,L,17-49,.565,6-18,13-23,12,20,32,34.7
2011,Womens,vs Portland State,01/22/11,48-56,L,19-69,.500,3-21,7-14,15,31,46,35.3
2011,Womens,at Northern Colorado,01/27/11,58-72,L,20-66,.800,6-15,12-15,13,19,32,35.1
2011,Womens,at Montana State,02/03/11,64-80,L,25-64,.643,5-17,9-14,9,24,33,35.0
2011,Womens,at Montana,02/05/11,61-84,L,23-62,.867,2-14,13-15,16,20,36,35.0
2011,Womens,vs Weber State,02/10/11,75-63,W,29-55,.750,2-8,15-20,10,17,27,34.7
2011,Womens,vs Idaho State,02/12/11,59-55,W,22-57,.750,6-23,9-12,7,30,37,34.8
2011,Womens,at Eastern Washington,02/17/11,54-59,L,19-62,.591,3-14,13-22,19,23,42,35.1
2011,Womens,at Portland State,02/19/11,55-76,L,19-52,.667,3-13,14-21,9,23,32,35.0
2011,Womens,vs Sacramento State,02/24/11,83-64,W,33-71,.722,4-10,13-18,14,28,42,35.2
2011,Womens,vs Northern Colorado,02/26/11,56-62,L,23-61,.571,6-18,4-7,13,19,32,35.1
2011,Womens,at Sacramento State,03/03/11,82-77,W,29-67,.682,9-22,15-22,14,27,41,35.3
